"time","votecount"
1466928523.84499,2913471
1466928685.05595,2916787
1466929215.58253,2928133
1466931155.88235,2970716
1466931464.14296,2976938
1466931772.32965,2983407
1466932080.52618,2989992
1466932388.71363,2996284
1466932696.92992,3002430
1466933005.12878,3009219
1466933313.34626,3015225
1466933621.53934,3021216
1466933929.72437,3027130
1466934237.93167,3032940
1466934546.14121,3038704
1466934854.33023,3044418
1466935162.53979,3050132
1466935470.73198,3056086
1466935778.94073,3061793
1466936087.13771,3067470
1466936395.34476,3072836
1466936703.54533,3078267
1466937011.73876,3083852
1466937319.94576,3089195
1466937628.14037,3094596
1466937936.36585,3099758
1466938244.57282,3105104
1466938552.76046,3110201
1466938860.94417,3115462
1466939169.13874,3121005
1466939477.3321,3126618
1466939785.5261,3132164
1466940093.73961,3137597
1466940402.0796,3143021
1466940710.27473,3148656
1466941018.46593,3153770
1466941326.66562,3158805
1466941634.86078,3163746
1466941943.05182,3168645
1466942251.24508,3173421
1466942559.43853,3178121
1466942867.61022,3183027
1466943175.81746,3188391
1466943484.04405,3193288
1466943792.23046,3198133
1466944100.42363,3202878
1466944408.61958,3207390
1466944716.81528,3212296
1466945025.01206,3217337
1466945333.22616,3145105
1466945641.44453,3149858
1466945949.65457,3154319
1466946257.87284,3158826
1466946566.06195,3163254
1466946874.25291,3167598
1466947182.44127,3171928
1466947490.65291,3176023
1466947798.84836,3180076
1466948107.05198,3184511
1466948415.23126,3188655
1466948723.42309,3192755
1466949031.83813,3196699
1466949340.03097,3200728
1466949648.25678,3204769
1466949956.45802,3209033
1466950264.64623,3213077
1466950572.87118,3217042
1466950881.08873,3220631
1466951189.27438,3224280
1466951497.62838,3227767
1466951710.84842,3230421
1466952011.40263,3234193
1466952310.88795,3237848
1466952611.46959,3241284
1466952910.9543,3244737
1466953211.44727,3248319
1466953512.7034,3252367
1466953811.27246,3256114
1466954110.75097,3259906
1466954411.22119,3263890
1466954710.69085,3267752
1466955011.16935,3271501
1466955310.63076,3275249
1466955611.91,3278884
1466955911.38383,3282584
1466956210.85979,3286184
1466956511.39232,3289842
1466956810.88977,3293408
1466957111.40866,3297044
1466957410.9177,3300622
1466957711.39934,3304207
1466958011.05133,3307832
1466958310.66385,3311366
1466958612.04783,3314921
1466958911.13679,3318415
1466959213.65227,3321908
1466959511.41727,3325328
1466959810.86826,3329048
1466960111.33437,3332957
1466960410.86561,3336714
1466960710.64079,3340438
1466961011.14536,3344176
1466961310.78733,3347810
1466961611.26251,3351559
1466961910.8057,3355203
1466962211.30702,3358947
1466962510.80643,3362419
1466962811.28359,3365784
1466963110.78132,3369238
1466963412.73509,3372722
1466963711.82087,3376105
1466964011.32482,3379423
1466964310.91049,3382811
1466964611.36937,3386125
1466964910.86682,3389377
1466965211.33589,3392577
1466965510.84482,3395982
1466965811.36932,3399692
1466966110.83528,3402954
1466966411.32506,3406320
1466966710.872,3409763
1466967011.32856,3413122
1466967310.80995,3416964
1466967611.3007,3420518
1466967910.85784,3423792
1466968211.81308,3426950
1466968511.31282,3430072
1466968810.82358,3433251
1466969111.34168,3436444
1466969410.84062,3439564
1466969711.33211,3442737
1466970010.87447,3445761
1466970311.42812,3448981
1466970611.67432,3452178
1466970911.17025,3455283
1466971210.73221,3458446
1466971511.28958,3461733
1466971813.04604,3464943
1466972110.78465,3468124
1466972411.29136,3471177
1466972710.80006,3474213
1466973011.74963,3477287
1466973311.29525,3480269
1466973610.88524,3483080
1466973911.4011,3485821
1466974210.91832,3488760
1466974511.99863,3491652
1466974810.4839,3494433
1466975110.9744,3497213
1466975411.45846,3500111
1466975710.96712,3503302
1466976011.48263,3506358
1466976311.28383,3509267
1466976610.94274,3512010
1466976911.52681,3514593
1466977211.17883,3517046
1466977510.73432,3519541
1466978110.54192,3523952
1466978411.07175,3525983
1466978710.60925,3528069
1466979011.51714,3529964
1466979312.64291,3531789
1466979611.17597,3533453
1466979910.68748,3535155
1466980211.14412,3536765
1466980510.63232,3538282
1466980811.11663,3539766
1466981110.58389,3541101
1466981411.0708,3542355
1466981710.53908,3543586
1466982011.01559,3544679
1466982313.46384,3545734
1466982610.96933,3546704
1466982912.01172,3547664
1466983210.98702,3548467
1466983510.46961,3549250
1466983810.96375,3549977
1466984111.44975,3550714
1466984410.91848,3551290
1466984711.9184,3551913
1466985011.65944,3552492
1466985311.67031,3553062
1466985611.35804,3553586
1466985911.08708,3554050
1466986210.55571,3554517
1466986511.03228,3554952
1466986810.51398,3555348
1466987110.98738,3555735
1466987410.5268,3556110
1466987711.00165,3556427
1466988010.64368,3556751
1466988311.16209,3557049
1466988910.90707,3557600
1466989211.37652,3557853
1466989510.89944,3558109
1466989811.43158,3558331
1466990115.83584,3558579
1466990415.93021,3558818
1466990714.96126,3559044
1466991015.78302,3559292
1466991315.08566,3559494
1466991615.34901,3559717
1466991915.38389,3559940
1466992211.03663,3560153
1466992511.00037,3560356
1466992810.46576,3560574
1466993111.96371,3560784
1466993411.64897,3560969
1466993711.14354,3561151
1466994010.61723,3561327
1466994311.09213,3561512
1466994610.77103,3561646
1466994911.6486,3561847
1466995211.5906,3562021
1466995511.05594,3562155
1466995810.51557,3562311
1466996110.98397,3562428
1466996410.44503,3562566
1466996711.03512,3562696
1466997010.52531,3562821
1466997310.99804,3562969
1466997610.68898,3563093
1466997911.15987,3563200
1466998210.6838,3563308
1466998511.15755,3563433
1466998810.62574,3563580
1466999111.10166,3563701
1466999411.70359,3563832
1466999712.17553,3563980
1467000010.64462,3564131
1467000311.20291,3564274
1467006012.99015,3569769
1467006310.85077,3570351
1467006611.35438,3570987
1467006918.31382,3571691
1467007143.01832,3572188
1467007211.43246,3572381
1467007512.04086,3573170
1467007816.92372,3574034
1467008194.00574,3575127
1467008424.08653,3575863
1467008787.5389,3575566
1467009113.21078,3576661
1467009311.83442,3577437
1467009611.47416,3578607
1467009910.9523,3579783
1467010211.5152,3581080
1467010511.21579,3582419
1467010810.76263,3583776
1467011111.58464,3585250
1467011411.10813,3586873
1467011710.77622,3588523
1467012011.27094,3590215
1467012310.75805,3591967
1467012611.22687,3593814
1467012910.71099,3595815
1467013211.18061,3597916
1467013510.64603,3599990
1467013811.16823,3602275
1467014110.6778,3604584
1467014411.17832,3607166
1467014710.73514,3609759
1467015011.34062,3612288
1467015310.9883,3614881
1467015610.47073,3617443
1467015911.08671,3619916
1467016213.74937,3622435
1467016511.28128,3624891
1467016810.87442,3627262
1467017111.48007,3629629
1467017410.98488,3631864
1467017710.85999,3634061
1467018011.42883,3636360
1467018311.20818,3638516
1467018610.99576,3640667
1467018910.94947,3642708
1467019211.58141,3644661
1467019511.13685,3646686
1467019810.72787,3648799
1467020111.80144,3650794
1467020411.41983,3652694
1467020710.91034,3654588
1467021011.49928,3656430
1467021310.99538,3658245
1467021610.53023,3660005
1467021911.28539,3661695
1467022211.24113,3663414
1467022512.27324,3665162
1467022811.52879,3668341
1467023111.05803,3670075
1467023410.83808,3671747
1467023711.37271,3673312
1467024010.91707,3674836
1467024311.45552,3676437
1467024611.01879,3677942
1467024910.57301,3679855
1467025212.36307,3681753
1467025510.95403,3683306
1467025811.47365,3684913
1467026110.95159,3686542
1467026411.53654,3687977
1467026711.05147,3689479
1467027010.54281,3691035
1467027311.00918,3692627
1467027610.48449,3694168
1467027910.94265,3695712
1467028211.47612,3697294
1467028510.98813,3698837
1467028810.63326,3700365
1467029111.19734,3701841
1467029410.68249,3703310
1467029711.15708,3704772
1467030010.69199,3706084
1467030311.21117,3707456
1467030610.70677,3709032
1467030911.54845,3710490
1467031211.39928,3711978
1467031511.10418,3713441
1467031810.81691,3714857
1467032111.30071,3716258
1467032410.98319,3717595
1467032710.92532,3718884
1467033012.33281,3720212
1467033312.58029,3721546
1467033612.06466,3722781
1467033911.59455,3724045
1467034211.97125,3725245
1467034511.42921,3726509
1467034813.93818,3727746
1467035111.46902,3728928
1467035411.41616,3730219
1467035711.47658,3731411
1467036012.01826,3732589
1467036311.77113,3733716
1467036612.10547,3734752
1467036854.91102,3735680
1467036910.99491,3735904
1467037211.9574,3736924
1467037526.45751,3738028
1467038161.46496,3740375
1467038416.47466,3741364
1467038714.97114,3742675
1467039011.01361,3743712
1467039311.27374,3744823
1467039611.69715,3745945
1467039910.92363,3747007
1467040211.81253,3748012
1467040512.91295,3749082
1467040811.13323,3750103
1467041111.63465,3751160
1467041412.78716,3752252
1467041710.84197,3753307
1467042010.88126,3754435
1467042311.74286,3755466
1467042611.56451,3756544
1467042911.45349,3757631
1467043211.77609,3758693
1467043510.81912,3759737
1467043811.74387,3760748
1467044112.68547,3761720
1467044411.74041,3762728
1467044711.98272,3763808
1467045012.26066,3764857
1467045311.52428,3765825
1467045612.06422,3766834
1467045911.63103,3767894
1467046211.73644,3768863
1467046511.24437,3769917
1467046812.07286,3771102
1467047111.05371,3772610
1467047411.09119,3774336
1467047710.9708,3776158
1467048011.0466,3778061
1467048311.35155,3779931
1467048612.66389,3781961
1467048911.51951,3784116
1467049211.69002,3786311
1467049512.19865,3788780
1467049811.76551,3791002
1467050112.33678,3793531
1467050412.02191,3796206
1467050711.95582,3798874
1467051011.57029,3801736
1467051311.67089,3804736
1467051611.21914,3807592
1467051911.34378,3810722
1467052211.85864,3813700
1467052511.44092,3816817
1467052811.29397,3819773
1467053111.17427,3822692
1467053410.9803,3825465
1467053711.95153,3828196
1467054012.40473,3830674
1467054311.9332,3832918
1467054611.8011,3834865
1467054911.77844,3836846
1467055211.74563,3838699
1467055511.71993,3840653
1467055812.65985,3842550
1467056111.72411,3844456
1467056411.70251,3846319
1467056711.94418,3848003
1467057011.62713,3849971
1467057311.74876,3851988
1467057612.61162,3853839
1467057912.03419,3855601
1467058211.67082,3857236
1467058511.63842,3858878
1467058811.40085,3860448
1467059111.49062,3861915
1467059412.4645,3863424
1467059711.67928,3864903
1467060011.46923,3866364
1467060311.56855,3867676
1467060612.3533,3868980
1467060911.31194,3870255
1467061212.13531,3871821
1467061511.64635,3873310
1467061811.43796,3874858
1467062111.28433,3876387
1467062411.42081,3877808
1467062710.98471,3879200
1467063012.17959,3880535
1467063312.15435,3881860
1467063611.9539,3883238
1467063911.75654,3884573
1467064211.73256,3885840
1467064511.53176,3883318
1467064812.48363,3884464
1467065112.34804,3885502
1467065411.64381,3886432
1467065711.49084,3887401
1467066011.35544,3888285
1467066311.17052,3889124
1467066612.1244,3889811
1467066911.37013,3890582
1467067211.85192,3891265
1467067511.81309,3891881
1467067811.74334,3892457
1467068412.9192,3893451
1467068711.38218,3893925
1467069011.53436,3894361
1467069311.68613,3894774
1467069611.47592,3895149
1467069911.63153,3895455
1467070212.41331,3895765
1467070511.80477,3896052
1467070812.00533,3896344
1467071112.08833,3896609
1467071411.7866,3896851
1467071711.87425,3897102
1467072012.78689,3897322
1467072311.477,3897516
1467072611.64149,3897724
1467072911.74373,3897916
1467073211.61675,3898087
1467073511.7395,3898247
1467073812.40779,3898408
1467074111.93237,3898547
1467074411.81033,3898670
1467074711.91441,3898802
1467075012.13943,3898920
1467075612.68885,3899147
1467075911.22736,3899285
1467076211.57177,3899421
1467076511.80488,3899519
1467076811.94416,3899627
1467077112.20516,3899717
1467077413.36204,3899795
1467077711.67572,3899896
1467078012.24976,3899983
1467078312.46058,3900071
1467078612.0826,3900165
1467078912.26786,3900264
1467079212.92893,3900324
1467079511.31772,3900424
1467079812.18649,3900508
1467080112.15365,3900595
1467080412.47277,3900667
1467080712.24776,3900739
1467081013.18646,3900809
1467081311.7279,3900876
1467081611.923,3900942
1467081911.99757,3900997
1467082212.09417,3901057
1467082512.02792,3901128
1467082812.46173,3901202
1467083112.19937,3901263
1467083412.24733,3901318
1467083712.2118,3901377
1467084011.61908,3901425
1467084312.25835,3901481
1467084612.91433,3901538
1467084912.23461,3901597
1467085212.23401,3901652
1467085511.43582,3901721
1467085811.8446,3901778
1467086111.65389,3901829
1467086412.52653,3901881
1467086712.18456,3901949
1467087012.55476,3902017
1467087311.66725,3902089
1467087611.60338,3902164
1467087911.94151,3902237
1467088212.99635,3902302
1467088511.56369,3902368
1467088811.41931,3902460
1467089112.32127,3902536
1467089411.61173,3902649
1467089711.71529,3902760
1467090012.40321,3902901
1467090312.25497,3903027
1467090612.31028,3903159
1467090912.10205,3903308
1467091212.28432,3903486
1467091512.48077,3903663
1467091812.77743,3903863
1467092112.6951,3904080
1467092411.90276,3904288
1467092711.8075,3904504
1467093011.62113,3904773
1467093311.56348,3905056
1467093612.56416,3905335
1467093912.07293,3905637
1467094212.05652,3906039
1467094512.07561,3906399
1467094811.8992,3906795
1467095111.90489,3907183
1467095412.61016,3907611
1467095711.96093,3908019
1467096012.34451,3908438
1467096312.46323,3908866
1467096611.56284,3909300
1467096911.20213,3909799
1467097212.93941,3910296
1467097511.42461,3910804
1467097812.29781,3911361
1467098111.59918,3911925
1467098411.20954,3912594
1467098712.01949,3913346
1467099013.76003,3914024
1467099311.03848,3914712
1467099611.79764,3915356
1467099911.70384,3916000
1467100211.22329,3916664
1467100512.04665,3917320
1467100812.66939,3918004
1467101112.00745,3918728
1467101411.89325,3919452
1467101712.70362,3920172
1467102011.90701,3920950
1467102311.20103,3921737
1467102612.47464,3922502
1467102912.13256,3923218
1467103211.31077,3924014
1467103511.58368,3924745
1467103811.78841,3925428
1467104112.33176,3926116
1467104412.29688,3926861
1467104712.49492,3927569
1467105012.28133,3928236
1467105312.18858,3928972
1467105612.06437,3929661
1467105911.39419,3930316
1467106212.89233,3930960
1467106511.84732,3931619
1467106811.89677,3932243
1467107112.08486,3932908
1467107411.76567,3933526
1467107712.51153,3934160
1467108012.03442,3934752
1467108312.08966,3935373
1467108611.61919,3935931
1467108912.09669,3936519
1467109212.33851,3937168
1467109511.76949,3937738
1467109812.05763,3938304
1467110111.71631,3938856
1467110411.66102,3939445
1467110711.2767,3939985
1467111011.71239,3940539
1467111311.24153,3941152
1467111612.63071,3941741
1467111911.79883,3942268
1467112211.9518,3942829
1467112511.75244,3943372
1467112811.78065,3943938
1467113111.56765,3944468
1467113411.98254,3944993
1467113712.79747,3945525
1467114011.85092,3946068
1467114311.89961,3946660
1467114612.04632,3947218
1467114912.48111,3947747
1467115212.30413,3948281
1467115511.77166,3948814
1467115812.16813,3949331
1467116111.72881,3949893
1467116711.30966,3951014
1467117012.22656,3951578
1467117311.94995,3952131
1467117612.44503,3952683
1467117911.75171,3953230
1467118211.6393,3953744
1467118511.69057,3954249
1467118812.8948,3954769
1467119112.0269,3955218
1467119412.24725,3955669
1467119712.36209,3956139
1467120011.68569,3956620
1467120312.18713,3957107
1467120612.0957,3957592
1467120911.83813,3958008
1467121211.77759,3958442
1467121512.10407,3958860
1467121811.54734,3959337
1467122112.06984,3959761
1467122412.62865,3960253
1467122712.13224,3960676
1467123012.16309,3960508
1467123311.93964,3961072
1467123612.17985,3961653
1467123911.64335,3962335
1467124213.09061,3962740
1467124512.30869,3963113
1467124812.32982,3963548
1467125111.39959,3963987
1467125411.52994,3964438
1467125711.85846,3964826
1467126012.93522,3965257
1467126311.08176,3965665
1467126611.42166,3966070
1467126911.93578,3966508
1467127211.1768,3966938
1467127511.44328,3967369
1467127812.50615,3967794
1467128111.86319,3968236
1467128412.06017,3968659
1467128712.48329,3969064
1467129012.1438,3969572
1467129311.54848,3970041
1467129612.22546,3970524
1467129912.08458,3970973
1467130211.73471,3971406
1467130512.26256,3971838
1467130811.57045,3972262
1467131111.4677,3972715
1467131412.49828,3973164
1467131711.57942,3973568
1467132011.83863,3974001
1467132311.94605,3974458
1467132611.71717,3974905
1467132911.34009,3975297
1467133212.71584,3975740
1467133512.22966,3976145
1467133811.40403,3976538
1467134411.57486,3977431
1467134711.78832,3977840
1467135014.13799,3978269
1467135311.35234,3978703
1467135612.49194,3979178
1467135912.03172,3979583
1467136212.25805,3980041
1467136511.73465,3980442
1467136812.00182,3980866
1467137112.10317,3981189
1467137412.0598,3981602
1467137712.74298,3982017
1467138011.78711,3982440
1467138311.74792,3982789
1467138612.69807,3983209
1467138912.03402,3983572
1467139211.67311,3983968
1467139512.04159,3984424
1467139811.462,3984838
1467140111.81913,3985277
1467140412.63948,3985736
1467140712.03751,3986223
1467141011.9759,3986694
1467141311.8448,3987077
1467141611.85669,3987504
1467141911.69766,3987903
1467142212.56036,3988381
1467142512.13346,3988876
1467142811.82801,3989306
1467143111.74104,3989760
1467143411.35014,3990193
1467143712.25414,3990660
1467144012.39204,3991146
1467144311.73329,3991584
1467144611.6528,3992032
1467145212.34759,3992915
1467145511.74376,3993362
1467145813.07287,3993767
1467146111.99393,3994211
1467146411.94504,3994621
1467146711.79995,3995032
1467147011.61138,3995491
1467147311.35702,3995971
1467147613.17486,3996375
1467147911.3154,3996783
1467148212.71021,3997224
1467148513.23959,3997616
1467148812.23732,3998138
1467149112.11091,3998635
1467149413.36085,3999100
1467149712.82822,3999561
1467150012.51113,4000028
1467150312.03378,4000485
1467150612.20258,4000931
1467150912.37183,4001315
1467151212.47988,4001664
1467151513.0584,4002036
1467151812.89,4002402
1467152112.46821,4002755
1467152412.44427,4003090
1467152719.64244,4003445
1467153014.37266,4003746
1467153315.79751,4004027
1467153624.67134,4004287
1467153914.14326,4004529
1467154211.92143,4004751
1467154512.88878,4004986
1467154812.77767,4005195
1467155113.02934,4005412
1467155428.47689,4005581
1467155711.78298,4005718
1467156012.43575,4005863
1467156312.75015,4006013
1467156613.29044,4006151
1467156912.68297,4006283
1467157212.3937,4006413
1467157511.58798,4006516
1467157812.15581,4006609
1467158112.19294,4006701
1467158412.70041,4006798
1467158711.32765,4006871
1467159012.06843,4006946
1467159312.57764,4007009
1467159612.29981,4007079
1467159911.61816,4007126
1467160212.3343,4007181
1467160511.87971,4007239
1467160812.10477,4007290
1467161111.50731,4007348
1467161412.1223,4007389
1467161711.70957,4007446
1467162012.11604,4007488
1467162312.12593,4007529
1467162611.90964,4007562
1467162912.26666,4007604
1467163211.86074,4007646
1467163513.10455,4007680
1467163813.34431,4007716
1467164112.06756,4007744
1467164412.01661,4007777
1467164711.67615,4007814
1467165011.71936,4007851
1467165313.48097,4007887
1467165613.55116,4007909
1467165912.19612,4007932
1467166212.18373,4007964
1467166512.13467,4008002
1467166811.97254,4008031
1467167112.12537,4008051
1467167412.70373,4008079
1467167711.75064,4008098
1467168011.29577,4008125
1467168311.86299,4008145
1467168611.58596,4008166
1467168911.52985,4008184
1467169212.42876,4008213
1467169511.60448,4008235
1467169811.56593,4008262
1467170112.09328,4008285
1467170411.29194,4008308
1467170711.52141,4008337
1467171012.84231,4008352
1467171311.32409,4008371
1467171612.24269,4008391
1467171912.34641,4008406
1467172211.87989,4008433
1467172511.70059,4008456
1467172812.03623,4008479
1467173111.60691,4008500
1467173410.99364,4008524
1467174011.82247,4008575
1467174311.1124,4008607
1467174613.00529,4008639
1467174911.71385,4008664
1467175212.24335,4008699
1467175511.81158,4008729
1467175811.54417,4008770
1467176111.74695,4008810
1467176413.02651,4008866
1467176712.10833,4008907
1467177012.34573,4008971
1467177311.94258,4009046
1467177611.72587,4009109
1467177911.12179,4009184
1467178212.53446,4009271
1467178512.18584,4009346
1467178812.11018,4009460
1467179111.50273,4009577
1467179412.03688,4009724
1467179712.09028,4009855
1467180012.20248,4009996
1467180311.36838,4010125
1467180611.45774,4010263
1467180912.02125,4010413
1467181212.35436,4010573
1467181512.20546,4010757
1467181812.60522,4010940
1467182113.04937,4011121
1467182411.76304,4011282
1467182711.7592,4011477
1467183012.23883,4011690
1467183312.97683,4011899
1467183613.38591,4012129
1467183911.47049,4012343
1467184211.81076,4012572
1467184512.19114,4012813
1467184811.89044,4013033
1467185111.37395,4013288
1467185412.98236,4013514
1467185711.62692,4013751
1467186011.26591,4014016
1467186311.71953,4014281
1467186611.86763,4014541
1467186911.58898,4014799
1467187212.84583,4015087
1467187511.9853,4015349
1467187812.04742,4015569
1467188111.8108,4015851
1467188412.77865,4016114
1467188711.51353,4016409
1467189012.33547,4016705
1467189312.29874,4016976
1467189611.99955,4017232
1467189911.44176,4017518
1467190211.21687,4017819
1467190511.93874,4018105
1467190812.64834,4018386
1467191111.59228,4018672
1467191411.67848,4018949
1467192011.38187,4019500
1467192311.6726,4019795
1467192612.32039,4020069
1467192911.72333,4020327
1467193211.56838,4020608
1467193512.27123,4020882
1467193811.83164,4021176
1467194112.4024,4021439
1467194412.65959,4021690
1467194711.59408,4021987
1467195011.8196,4022291
1467195611.82835,4022811
1467195911.4772,4023039
1467196212.25587,4023299
1467196511.20625,4023563
1467196811.8021,4023838
1467197111.73305,4024099
1467197411.24044,4024374
1467197712.14069,4024680
1467198311.59182,4025172
1467198612.8996,4025449
1467198911.44056,4025704
1467199210.88065,4025958
1467199512.36045,4026180
1467199812.96502,4026421
1467200111.88126,4026676
1467200411.84492,4026935
1467200711.29917,4027179
1467201012.36702,4027463
1467201312.70762,4027761
1467201612.29654,4028088
1467201912.28299,4028338
1467202212.01305,4028621
1467202511.8295,4028895
1467202811.52464,4029164
1467203111.37461,4029418
1467203413.00109,4029672
1467203711.6355,4029904
1467204011.50759,4030131
1467204312.05173,4030343
1467204611.9785,4030578
1467204911.51273,4030828
1467205212.5172,4031075
1467205511.49162,4031299
1467205811.11154,4031506
1467206112.54168,4031712
1467206411.47552,4031940
1467206711.7423,4032159
1467207012.29446,4032367
1467207312.07492,4032591
1467207612.14874,4032828
1467207912.3936,4033043
1467208211.85124,4033262
1467208511.88031,4033481
1467208812.66425,4033729
1467209112.29312,4033960
1467209411.8121,4034160
1467209713.52029,4034379
1467210011.54543,4034566
1467210311.15833,4034781
1467210612.55656,4035003
1467210911.94028,4035201
1467211211.65925,4035384
1467211512.29106,4035572
1467211812.10567,4035775
1467212111.97115,4035998
1467212412.38761,4036215
1467212712.2959,4036422
1467213011.55513,4036658
1467213311.35121,4036885
1467213611.34844,4037090
1467213913.026,4037330
1467214212.82281,4037520
1467214511.28913,4037761
1467214811.92698,4037983
1467215111.78272,4038224
1467215410.96503,4038446
1467234933.78861,4051357
1467235821.41539,4051929
1467236111.79865,4052086
1467236729.43611,4052456
1467237011.48002,4052598
1467237312.23749,4052752
1467237613.27043,4052945
1467237911.40597,4053099
1467238212.30085,4053242
1467238512.67702,4053377
1467238812.47239,4053508
1467239113.19627,4053653
1467239413.74159,4053773
1467239712.5765,4053875
1467240012.53448,4053998
1467240312.49416,4054083
1467240612.76587,4054168
1467240911.63955,4054259
1467241212.33672,4054336
1467241511.81657,4054404
1467241811.80492,4054470
1467242113.10454,4054530
1467242411.62445,4054591
1467242711.38008,4054629
1467243012.71206,4054678
1467243311.88327,4054745
1467243612.02466,4054798
1467243911.43987,4054849
1467244211.44527,4054899
1467244512.48657,4054930
1467244812.83734,4054966
1467245111.80776,4055005
1467245412.07392,4055038
1467245711.65095,4055071
1467246011.71631,4055100
1467246311.10091,4055127
1467246612.05839,4055151
1467246911.75316,4055178
1467247211.72259,4055203
1467247512.65095,4055228
1467247812.034,4055251
1467248111.95553,4055276
1467248412.23887,4055303
1467248711.77543,4055328
1467249011.12422,4055349
1467249312.39131,4055364
1467249613.62087,4055393
1467249912.92191,4055406
1467250212.6936,4055435
1467250512.47877,4055451
1467250812.91006,4055462
1467251111.8462,4055480
1467251413.50624,4055499
1467251712.13277,4055515
1467252013.30123,4055534
1467252312.18806,4055548
1467252612.36812,4055565
1467252912.78194,4055583
1467253211.76604,4055591
1467253510.96276,4055601
1467253812.6054,4055613
1467254111.62204,4055626
1467254412.14625,4055636
1467254711.46128,4055650
1467255011.63131,4055661
1467255311.85072,4055671
1467255612.56094,4055679
1467255911.61477,4055690
1467256211.67232,4055698
1467256511.9914,4055706
1467256811.73216,4055716
1467257112.25837,4055737
1467257412.91483,4055745
1467257711.88216,4055753
1467258012.22296,4055758
1467258312.44659,4055773
1467258611.75606,4055785
1467258911.59013,4055792
1467259212.78635,4055805
1467259511.75077,4055814
1467259812.04435,4055824
1467260112.04846,4055831
1467260411.89603,4055843
1467260711.70756,4055860
1467261013.10483,4055872
1467261312.76225,4055886
1467261611.222,4055900
1467261911.72543,4055921
1467262211.56369,4055941
1467262511.28609,4055965
1467262812.64036,4055981
1467263112.0474,4055999
1467263411.97556,4056020
1467263712.3378,4056043
1467264011.86358,4056062
1467264311.25576,4056098
1467264612.1039,4056136
1467264912.04887,4056174
1467265211.76206,4056218
1467265512.72037,4056260
1467265812.31531,4056306
1467266111.91155,4056356
1467266412.34642,4056411
1467266711.8026,4056454
1467267012.39023,4056528
1467267313.49707,4056598
1467267612.61309,4056656
1467267912.04447,4056707
1467268211.94164,4056771
1467268511.98044,4056844
1467268811.7221,4056912
1467269111.57207,4056978
1467269412.02377,4057056
1467269711.39973,4057134
1467270012.39131,4057221
1467270311.65714,4057301
1467270612.25299,4057431
1467270912.98708,4057541
1467271212.36149,4057646
1467271511.41729,4057735
1467271812.74982,4057825
1467272111.96269,4057929
1467272411.93541,4058031
1467273012.44068,4058241
1467273311.95402,4058340
1467273612.79281,4058448
1467273912.35002,4058556
1467274212.03222,4058679
1467274512.68429,4058812
1467274811.05051,4058930
1467275112.05432,4059046
1467275411.93604,4059180
1467275712.48013,4059295
1467276012.03952,4059419
1467276948.17078,4059776
1467291004.13003,4066111
1467291611.80428,4066387
1467291909.40473,4066530
1467292208.61763,4066665
1467292503.7406,4066783
1467292804.09601,4066891
1467293104.76234,4067039
1467293406.45356,4067183
1467294005.55774,4067408
1467294305.3681,4067524
1467294605.75697,4067656
1467294906.11495,4067767
1467295207.15485,4067892
1467295805.30688,4068114
1467296104.91205,4068254
1467296404.46052,4068368
1467296704.8817,4068479
1467297006.9772,4068604
1467297604.13631,4068828
1467297904.36191,4068936
1467298204.70808,4069066
1467298503.61836,4069179
1467298806.03826,4069298
1467299103.565,4069424
1467299403.27825,4069532
1467299704.87535,4069641
1467300005.24557,4069747
1467300610.60441,4069972
1467300916.79667,4070080
1467301203.83367,4070185
1467301804.16414,4070429
1467302106.65323,4070555
1467302404.66883,4070675
1467302704.18651,4070774
1467303004.6374,4070888
1467303303.64615,4070998
1467303604.48364,4071127
1467303904.29615,4071246
1467304205.93453,4071343
1467304504.01046,4071438
1467304804.67965,4071539
1467305109.91327,4071644
1467305405.1555,4071753
1467305703.72752,4071848
1467306009.66085,4071963
1467306304.96151,4072069
1467306603.70621,4072155
1467306908.45909,4072263
1467307204.23094,4072377
1467307503.56287,4072495
1467307804.73222,4072612
1467308104.01391,4072705
1467308405.84223,4072807
1467308704.37184,4072913
1467309004.27228,4073015
1467309303.24593,4073114
1467309610.01151,4073208
1467309904.39239,4073299
1467310204.28317,4073398
1467310504.32065,4073491
1467310804.39687,4073590
1467311103.89185,4073665
1467311404.54298,4073775
1467312142.66271,4074029
1467312304.84239,4074076
1467316509.17805,4075516
1467316805.0604,4075629
1467317106.60648,4075752
1467317402.99411,4075867
1467317705.6306,4075987
1467318003.9049,4076116
1467318307.82756,4076231
1467318606.67044,4076344
1467318904.4255,4076446
1467319204.02489,4076558
1467319505.67103,4076660
1467319804.45816,4076779
1467320104.1113,4076897
1467320404.9672,4077016
1467320705.36225,4077142
1467321003.60904,4077253
1467321604.62602,4077478
1467321905.5899,4077582
1467322204.6204,4077675
1467322505.65152,4077785
1467322804.46044,4077878
1467323105.91796,4077974
1467323404.43713,4078079
1467323703.61435,4078196
1467324005.05621,4078278
1467324305.35752,4078370
1467324603.93706,4078455
1467324904.51517,4078522
1467325204.14314,4078598
1467325509.63089,4078673
1467325804.40784,4078740
1467326104.81887,4078802
1467326403.86281,4078855
1467326704.79032,4078927
1467327004.03358,4078988
1467327304.13233,4079046
1467327604.4383,4079099
1467327905.66453,4079145
1467328204.00723,4079186
1467328503.97234,4079224
1467328804.05552,4079261
1467329104.06192,4079299
1467329404.55652,4079331
1467329705.19896,4079364
1467330304.39067,4079419
1467330604.17844,4079445
1467330904.19302,4079468
1467331204.21743,4079497
1467331506.77967,4079520
1467331804.25779,4079540
1467332103.32127,4079556
1467332406.53976,4079573
1467332704.9507,4079588
1467333004.29763,4079603
1467333303.94772,4079623
1467333603.95046,4079642
1467333904.36188,4079658
1467334203.75946,4079673
1467334505.2001,4079685
1467334804.45372,4079695
1467335104.80895,4079705
1467335404.16354,4079718
1467335704.10229,4079727
1467336004.23299,4079740
1467336305.1645,4079749
1467336605.07101,4079757
1467336906.50328,4079763
1467337203.96298,4079773
1467337508.88464,4079784
1467337804.0856,4079800
1467338108.7881,4079814
1467338404.19812,4079829
1467338705.63676,4079844
1467339004.67962,4079853
1467339305.22132,4079864
1467339603.6585,4079875
1467339903.94783,4079877
1467340204.35916,4079883
1467340506.39763,4079887
1467340803.57325,4079895
1467341104.07965,4079897
1467341404.05791,4079902
1467341704.79574,4079909
1467342004.77766,4079916
1467342304.4877,4079920
1467342603.65355,4079926
1467342909.28072,4079928
1467343203.75309,4079932
1467343505.59526,4079940
1467343804.49401,4079944
1467344104.8881,4079953
1467344404.00604,4079961
1467344703.58119,4079971
1467345004.4163,4079975
1467345303.62111,4079980
1467345604.72576,4079990
1467345905.18254,4079999
1467346203.92181,4080003
1467346504.13072,4080010
1467346804.7064,4080016
1467347103.54542,4080024
1467347404.64382,4080035
1467347705.27427,4080047
1467348004.28248,4080059
1467348306.32226,4080070
1467348604.0004,4080083
1467348905.62377,4080094
1467349204.59567,4080106
1467349508.77772,4080114
1467349803.77614,4080126
1467350105.27399,4080141
1467350403.96276,4080157
1467350704.77954,4080175
1467351004.94062,4080192
1467351305.18152,4080210
1467351605.22898,4080235
1467351903.30676,4080262
1467352209.93895,4080286
1467352504.86262,4080310
1467352810.05656,4080345
1467353105.34198,4080380
1467353404.69907,4080405
1467353705.29293,4080438
1467354009.5861,4080473
1467354305.55312,4080515
1467354605.35417,4080541
1467354905.31344,4080589
1467355204.97946,4080633
1467355504.91389,4080683
1467355804.58921,4080713
1467356104.60822,4080755
1467362705.16221,4082068
1467363011.4776,4082137
1467363189.98588,4082166
1467363305.37913,4082187
1467363605.19398,4082247
1467363904.72615,4082317
1467364205.36277,4082397
1467364505.35907,4082454
1467364805.51187,4082522
1467365107.0329,4082605
1467365413.08381,4082681
1467365706.7242,4082748
1467366012.14603,4082808
1467366608.10972,4082953
1467367504.33367,4083168
1467367806.57506,4083238
1467368105.56072,4083315
1467368406.00942,4083388
1467369005.2768,4083513
1467369304.51344,4083590
1467369604.32959,4083648
1467369908.93491,4083724
1467370206.82915,4083761
1467370504.1342,4083841
1467370805.60335,4083903
1467371104.31572,4083981
1467371404.31429,4084060
1467372006.33995,4084187
1467372605.59648,4084311
1467372904.08942,4084362
1467374107.15104,4084622
1467374405.42896,4084692
1467374707.09264,4084744
1467395404.25806,4088644
1467396013.52274,4088743
1467396608.10458,4088816
1467396904.05416,4088874
1467397204.40525,4088920
1467397506.31496,4088982
1467397805.32625,4089042
1467448225.2624,4092807
1467448511.95959,4092840
1467448812.14161,4092882
1467449113.06386,4092918
1467449411.71619,4092952
1467449712.30738,4092992
1467450012.9012,4093032
1467450312.40391,4093063
1467450612.43972,4093104
1467450911.60594,4093137
1467451212.21573,4093176
1467451511.87588,4093206
1467451813.36061,4093246
1467452113.08115,4093286
1467452412.28599,4093323
1467452712.5272,4093358
1467453012.65861,4093403
1467453312.78681,4093432
1467453612.30409,4093459
1467453911.83745,4093495
1467454212.71465,4093538
1467454511.66262,4093571
1467454811.76569,4093617
1467455111.91709,4093653
1467455412.86497,4093698
1467455711.52147,4093733
1467456012.39125,4093782
1467456312.02007,4093853
1467456612.35375,4093924
1467456911.82931,4093964
1467457212.26395,4094018
1467457511.60711,4094068
1467457812.21877,4094104
1467458111.87521,4094143
1467458411.59148,4094198
1467458711.36602,4094234
1467459012.24311,4094275
1467459311.56617,4094307
1467459611.48346,4094354
1467459912.05976,4094393
1467460212.64819,4094438
1467460511.62203,4094484
1467460812.23697,4094529
1467461111.52672,4094569
1467461411.58834,4094604
1467461711.33248,4094638
1467462012.34099,4094684
1467462311.99106,4094731
1467470420.07835,4095821
1467470711.60853,4095863
1467471011.98663,4095899
1467471311.88368,4095934
1467471360.25452,4095936
1467471612.94872,4095969
1467471911.95145,4096008
1467472211.90928,4096116
1467472512.10024,4096271
1467472811.51098,4096438
1467473111.81962,4096580
1467473412.27727,4096672
1467473712.37707,4096767
1467474012.38885,4096842
1467474311.85739,4096909
1467474611.15651,4096963
1467474911.66861,4097036
1467475212.3766,4097095
1467475512.12564,4097141
1467475811.64547,4097194
1467476112.12885,4097246
1467476411.43042,4097296
1467476711.92283,4097354
1467477012.37644,4097419
1467477312.71509,4097471
1467477611.48784,4097524
1467477912.4892,4097565
1467478212.67125,4097612
1467478512.0527,4097664
1467478812.63222,4097708
1467479111.85406,4097767
1467479412.50964,4097816
1467479712.24701,4097861
1467480011.97224,4097901
1467480312.56464,4097946
1467480613.11139,4097999
1467480912.21007,4098060
1467481212.21504,4098128
1467481512.01864,4098174
1467481812.43171,4098230
1467482413.18738,4098305
1467482711.70425,4098351
1467483012.19143,4098396
1467483311.4961,4098436
1467483611.87957,4098475
1467483912.93489,4098515
1467484212.56674,4098559
1467484512.14434,4098597
1467484811.5733,4098642
1467485111.82364,4098687
1467485411.87961,4098740
1467485712.30862,4098792
1467486012.6474,4098829
1467486311.83079,4098870
1467486611.34973,4098910
1467486912.28182,4098941
1467487211.44708,4098981
1467487512.45521,4099014
1467487812.61599,4099046
1467488112.16208,4099078
1467488412.24047,4099132
1467488711.94338,4099163
1467489012.05015,4099192
1467489311.68121,4099244
1467489612.58783,4099283
1467489911.74675,4099319
1467490211.81376,4099353
1467490512.50591,4099390
1467490811.78936,4099434
1467491111.75321,4099473
1467491413.07211,4099502
1467491712.08476,4099536
1467492011.49236,4099581
1467492312.31182,4099617
1467492612.72574,4099663
1467492912.12567,4099699
1467493212.85352,4099743
1467493511.64804,4099777
1467493811.77504,4099810
1467494111.64893,4099854
1467494412.24434,4099894
1467494711.90486,4099940
1467495012.61246,4099981
1467495312.80417,4100015
1467495612.37433,4100047
1467495911.9372,4100066
1467496211.39873,4100088
1467496512.19381,4100122
1467496812.59978,4100144
1467497111.59346,4100179
1467497412.69192,4100241
1467497711.24645,4100294
1467498013.16203,4100345
1467498312.11439,4100390
1467498612.93464,4100404
1467498912.00914,4100432
1467499211.81144,4100449
1467499512.35499,4100483
1467499812.15566,4100516
1467500112.31733,4100534
1467500412.29954,4100561
1467500711.69308,4100580
1467501012.08276,4100605
1467501311.81067,4100627
1467501612.38615,4100644
1467501911.76435,4100663
1467502212.43637,4100675
1467502511.88806,4100682
1467502811.84871,4100694
1467503111.09478,4100713
1467503411.9197,4100734
1467503711.49227,4100747
1467504012.80728,4100760
1467504312.28825,4100770
1467504612.72434,4100778
1467504911.80506,4100791
1467505211.47902,4100799
1467505511.60528,4100809
1467505812.37195,4100821
1467506112.15733,4100828
1467506412.67108,4100840
1467506711.64677,4100845
1467507012.27704,4100856
1467507311.73402,4100864
1467507612.41095,4100869
1467507911.15333,4100872
1467508212.4429,4100885
1467508512.48931,4100887
1467508811.48714,4100897
1467509111.21987,4100901
1467509412.57612,4100908
1467509711.72492,4100912
1467510012.04377,4100918
1467510312.02036,4100925
1467510611.98863,4100935
1467510911.67995,4100939
1467511212.43636,4100944
1467511511.8405,4100947
1467511811.76544,4100953
1467512111.98708,4100960
1467512412.0593,4100963
1467512712.07918,4100964
1467513013.0337,4100966
1467513312.26815,4100974
1467513611.7894,4100980
1467514512.56084,4100992
1467514812.51979,4100998
1467515111.421,4101003
1467515411.31785,4101004
1467515711.80298,4101005
1467516011.38028,4101007
1467516312.32758,4101016
1467516612.09634,4101021
1467516911.04229,4101027
1467517211.84133,4101028
1467517513.28143,4101031
1467517813.15423,4101034
1467518112.27188,4101035
1467518412.97974,4101037
1467518711.76419,4101039
1467519012.03941,4101047
1467519613.00654,4101055
1467519911.97011,4101055
1467520212.88586,4101059
1467558603.90564,4104190
1467558903.82851,4104222
1467559204.45649,4104254
1467580850.42076,4106983
1467581112.07554,4107018
1467581412.75929,4107068
1467581712.69095,4107102
1467582011.50646,4107135
1467582312.58499,4107158
1467582612.7445,4107192
1467582912.53408,4107219
1467583212.56955,4107246
1467583512.57054,4107278
1467583812.06723,4107304
1467584112.03233,4107329
1467584412.83924,4107366
1467584712.24714,4107389
1467585013.1778,4107412
1467585312.80643,4107435
1467585612.49309,4107450
1467585911.92838,4107476
1467586212.61186,4107497
1467586511.89877,4107515
1467586813.62049,4107528
1467587113.03654,4107549
1467587412.23824,4107566
1467587712.37073,4107577
1467588012.55527,4107591
1467588312.64296,4107603
1467588612.15412,4107615
1467588911.22969,4107629
1467589211.40787,4107639
1467589512.51828,4107649
1467589811.84201,4107658
1467590111.72546,4107666
1467590412.68292,4107674
1467590711.67863,4107681
1467591012.05438,4107687
1467591312.9041,4107694
1467591612.24137,4107698
1467591911.18374,4107704
1467592212.6836,4107720
1467592512.26642,4107763
1467592811.78614,4107862
1467593111.29739,4108069
1467593411.85615,4108273
1467593711.52247,4108477
1467594012.93112,4108672
1467594312.07097,4108873
1467594611.88701,4109066
1467594912.24023,4109260
1467595211.89024,4109459
1467595511.46537,4109649
1467595812.50829,4109849
1467596112.67248,4110054
1467596411.87063,4110257
1467596713.12836,4110463
1467597012.04186,4110653
1467597312.74354,4110850
1467597613.40879,4111048
1467597912.68334,4111250
1467598212.48482,4111433
1467598511.93594,4111438
1467598811.7478,4111438
1467599111.94193,4111443
1467599412.38676,4111448
1467599711.24664,4111450
1467600012.2071,4111453
1467600312.19529,4111453
1467600611.78751,4111458
1467600912.09558,4111460
1467601212.69112,4111461
1467601811.54923,4111463
1467602112.23759,4111464
1467602412.27129,4111469
1467602711.60646,4111470
1467603012.47127,4111472
1467603311.72993,4111473
1467603611.78424,4111477
1467603912.18951,4111479
1467604211.53014,4107865
1467604512.68283,4107867
1467604812.37312,4107870
1467605111.90417,4107873
1467605411.75907,4107875
1467605711.61476,4107878
1467606011.78939,4107879
1467606311.07871,4107880
1467606612.88676,4107885
1467606911.36968,4107886
1467607211.85069,4107887
1467607512.7536,4107891
1467607811.89294,4107893
1467608111.47622,4107895
1467608412.98161,4107896
1467608711.79991,4107899
1467609011.45014,4107902
1467609311.79711,4107905
1467609611.35926,4107914
1467609912.59046,4107917
1467610212.55269,4107919
1467610512.05506,4107925
1467610812.65788,4107930
1467611111.73918,4107942
1467611411.93663,4107949
1467611711.86916,4107956
1467612013.14936,4107968
1467612312.30041,4107985
1467612611.69956,4108000
1467612911.96358,4108012
1467613211.40507,4108028
1467613511.64345,4108038
1467613812.6113,4108055
1467614112.28852,4108062
1467614412.57975,4108080
1467614712.66587,4108102
1467615012.86313,4108114
1467615312.71712,4108131
1467615612.87658,4108156
1467615912.55566,4108175
1467616212.29864,4108196
1467616512.74089,4108222
1467616812.25261,4108240
1467617112.05032,4108257
1467617412.85713,4108290
1467617711.62126,4108317
1467618011.55483,4108347
1467618311.96067,4108365
1467618611.64494,4108393
1467618911.38319,4108426
1467619212.87718,4108464
1467619511.9274,4108495
1467619811.78641,4108524
1467620111.86387,4108554
1467620411.96803,4108591
1467620712.65312,4108638
1467621012.48476,4108663
1467621312.52056,4108701
1467621611.57839,4108747
1467621911.24078,4108784
1467622212.38682,4108818
1467622512.59669,4108857
1467622812.42152,4108883
1467623111.35527,4108920
1467623412.5945,4108942
1467623712.31717,4108984
1467624011.80324,4109026
1467624311.31112,4109066
1467624612.33509,4109106
1467624912.54019,4109136
1467625212.34061,4109180
1467625512.68557,4109226
1467625812.18131,4109263
1467626112.02868,4109296
1467626413.05571,4109335
1467626712.84131,4109364
1467627012.68124,4109412
1467627311.35593,4109452
1467627611.93182,4109497
1467627911.77845,4109524
1467628212.43995,4109568
1467628512.49589,4109609
1467628811.97949,4109646
1467629113.13883,4109689
1467629411.29132,4109720
1467629711.25775,4109762
1467630012.51751,4109796
1467630312.07083,4109824
1467630611.90213,4109856
1467630911.88319,4109886
1467631212.23801,4109921
1467631512.21054,4109949
1467631812.25059,4109990
1467632111.33585,4110015
1467632411.79155,4110046
1467632711.6548,4110079
1467633012.54362,4110101
1467633312.04448,4110130
1467633612.4621,4110158
1467633911.70782,4110182
1467634212.20994,4110216
1467634512.04564,4110240
1467634812.00795,4110284
1467635112.23044,4110321
1467635412.28363,4110351
1467635711.85689,4110371
1467636012.0354,4110404
1467636312.17066,4110436
1467636612.31711,4110463
1467636912.79485,4110504
1467637213.123,4110528
1467637512.93039,4110556
1467637811.87777,4110584
1467638112.45581,4110623
1467638411.80872,4110650
1467638712.53465,4110675
1467639013.52247,4110700
1467639312.65653,4110730
1467639611.9498,4110758
1467639912.37069,4110803
1467640213.14419,4110831
1467640512.82146,4110863
1467640813.73185,4110891
1467641112.14518,4110926
1467641412.10336,4110951
1467641712.79246,4110982
1467642011.94528,4111003
1467642312.03769,4111027
1467642612.80687,4111054
1467642911.69051,4111089
1467643212.34862,4111116
1467643512.27492,4111140
1467643812.47021,4111168
1467644112.15048,4111196
1467644413.47374,4111228
1467644712.5056,4111254
1467645011.58725,4111290
1467645312.25531,4111324
1467645612.79125,4111351
1467645911.996,4111382
1467646212.9754,4111414
1467646512.40123,4111440
1467646812.87982,4111467
1467647112.54365,4111506
1467647411.58163,4111534
1467647712.22137,4111570
1467648013.63696,4111595
1467648312.3265,4111622
1467648611.08198,4111652
1467648911.2638,4111676
1467649211.97859,4111706
1467649512.03189,4111726
1467649812.49743,4111752
1467650112.67866,4111781
1467650412.14807,4111816
1467650711.77457,4111842
1467651011.22423,4111869
1467651312.22701,4111898
1467651613.11327,4111930
1467651912.12916,4111948
1467652212.51206,4111979
1467652512.22452,4112008
1467652811.88937,4112046
1467653111.34966,4112081
1467653413.51851,4112110
1467653712.18136,4112142
1467654011.89823,4112169
1467654311.77544,4112181
1467654612.07483,4112208
1467654911.56677,4112232
1467655212.29192,4112257
1467655511.70112,4112282
1467655812.46727,4112303
1467656112.36047,4112338
1467656411.39963,4112358
1467656712.02412,4112386
1467657012.54027,4112421
1467657311.91154,4112455
1467657611.29476,4112483
1467657912.59485,4112517
1467658212.00592,4112541
1467658512.55787,4112563
1467658812.50475,4112588
1467659112.15455,4112627
1467659411.37119,4112653
1467659711.9071,4112672
1467660011.88095,4112697
1467660312.40837,4112722
1467660613.0952,4112764
1467660912.01315,4112784
1467661211.9826,4112827
1467661511.60058,4112860
1467661811.24417,4112893
1467662111.30715,4112921
1467662412.11053,4112947
1467662711.30131,4112972
1467663011.54155,4113003
1467663311.6435,4113023
1467663611.54626,4113041
1467663911.89837,4113067
1467664212.47051,4113094
1467664511.34427,4113118
1467664812.02472,4113155
1467665112.09089,4113174
1467665411.20312,4113206
1467665712.16504,4113236
1467666013.27604,4113268
1467666312.08195,4113297
1467666612.2223,4113322
1467666911.62258,4113362
1467667211.88088,4113393
1467667512.11984,4113425
1467667812.78389,4113440
1467668111.46839,4113464
1467668411.92241,4113486
1467668712.41952,4113508
1467669012.57432,4113528
1467669311.83736,4113549
1467669612.7091,4113575
1467669911.89672,4113592
1467670211.64301,4113604
1467670512.17155,4113624
1467670811.95506,4113645
1467671112.464,4113669
1467671412.84265,4113679
1467671712.54386,4113695
1467672011.47116,4113711
1467672311.58592,4113717
1467672611.77527,4113730
1467672912.0792,4113738
1467673212.84667,4113749
1467673512.1443,4113763
1467673811.69423,4113771
1467674111.83135,4113782
1467674411.45611,4113798
1467674712.14226,4113807
1467675013.16971,4113812
1467675312.30922,4113820
1467675611.47044,4113827
1467675911.15949,4113830
1467676211.2149,4113838
1467676511.396,4113845
1467676812.35503,4113851
1467677111.56274,4113859
1467677411.4473,4113865
1467677712.36878,4113869
1467678011.43641,4113874
1467678311.91446,4113879
1467678612.57606,4113882
1467678911.53266,4113884
1467679211.34546,4113889
1467679511.99936,4113890
1467679811.76695,4113895
1467680112.45456,4113898
1467680412.12636,4113901
1467680711.6054,4113902
1467681012.26907,4113906
1467681312.70534,4113912
1467681612.61072,4113916
1467681912.30131,4113919
1467682212.80527,4113922
1467682512.56597,4113925
1467682812.38365,4113927
1467683111.89063,4113931
1467683412.05304,4113933
1467683712.37889,4113935
1467684012.38376,4113936
1467684311.93665,4113937
1467684612.85956,4113939
1467684912.6968,4113941
1467685212.09575,4113944
1467685512.31899,4113947
1467685812.72907,4113948
1467686111.97956,4113950
1467686412.65716,4113952
1467686712.0418,4113952
1467687012.04285,4113952
1467687312.47849,4113952
1467687612.41708,4113954
1467687912.01385,4113957
1467688212.2478,4113958
1467688512.384,4113961
1467688811.71863,4113963
1467689112.09766,4113965
1467689413.0896,4113968
1467689711.9534,4113970
1467690012.79745,4113972
1467690311.89948,4113977
1467690611.60861,4113978
1467690912.06058,4113980
1467691213.48865,4113981
1467691511.66433,4113982
1467691813.03199,4113984
1467692111.28742,4113986
1467692411.64642,4113988
1467692711.31899,4113993
1467693012.92266,4113995
1467693312.33852,4113998
1467693611.70722,4114001
1467693912.26388,4114004
1467694212.42211,4114009
1467694511.75462,4114012
1467694812.27768,4114013
1467695111.89948,4114016
1467695411.96926,4114018
1467695711.44593,4114022
1467696012.81775,4114024
1467696312.19164,4114027
1467696613.4452,4114028
1467696913.20165,4114035
1467697212.09752,4114040
1467697512.61787,4114044
1467697811.53968,4114048
1467698111.62503,4114054
1467698412.75124,4114060
1467698711.63987,4114066
1467699312.09982,4114081
1467699611.68061,4114091
1467699911.61084,4114104
1467700212.32318,4114113
1467700512.15469,4114119
1467700812.04932,4114130
1467701112.38486,4114142
1467701412.48351,4114157
1467701712.18867,4114169
1467702012.79406,4114176
1467702312.03475,4114183
1467702612.34534,4114202
1467702913.09079,4114218
1467703212.98767,4114234
1467703513.28906,4114249
1467707707.79933,4114527
1467708004.91161,4114553
1467708304.83702,4114579
1467709205.77816,4114651
1467709506.7908,4114675
1467710116.54566,4114726
1467710404.8545,4114752
1467710706.12475,4114788
1467711004.82266,4114807
1467711304.59678,4114835
1467711604.60603,4114857
1467711904.28066,4114874
1467712204.88929,4114896
1467712513.55106,4114923
1467713104.75818,4114981
1467713403.45121,4115000
1467713706.5883,4115033
1467714904.53892,4115115
1467715204.14854,4115140
1467715503.85347,4115169
1467715804.19729,4115196
1467716104.33997,4115217
1467716406.0015,4115238
1467716704.47559,4115262
1467717004.65654,4115282
1467717305.40113,4115300
1467717604.99885,4115319
1467717904.55863,4115342
1467718205.41052,4115361
1467718504.23296,4115380
1467718804.14115,4115406
1467719104.13427,4115426
1467719404.06119,4115449
1467719704.79598,4115465
1467720605.21433,4115516
1467720905.41612,4115538
1467721504.8855,4115571
1467721806.43262,4115601
1467722105.47152,4115623
1467722404.49228,4115656
1467722708.05968,4115688
1467723004.27156,4115706
1467723304.70829,4115726
1467723605.07155,4115750
1467723904.19517,4115772
1467724204.64057,4115791
1467724503.81713,4115811
1467724805.04731,4115834
1467725104.67489,4115857
1467725704.23724,4115906
1467726003.62572,4115935
1467726306.90966,4115957
1467726604.62357,4115967
1467726905.00315,4115996
1467727205.80567,4116021
1467727504.11486,4116042
1467727805.92739,4116061
1467728105.83147,4116080
1467728404.99404,4116103
1467728705.27705,4116113
1467729005.23915,4116132
1467729305.73797,4116152
1467729604.90324,4116167
1467729905.09844,4116192
1467730504.93549,4116229
1467730805.02456,4116254
1467731105.9754,4116275
1467731403.86301,4116297
1467731706.9894,4116317
1467732004.19104,4116342
1467732304.57262,4116359
1467732607.0462,4116375
1467732904.89349,4116400
1467733204.56175,4116426
1467733506.02247,4116443
1467733805.74514,4116467
1467734105.29233,4116490
1467734404.71427,4116515
1467734706.99532,4116537
1467735006.12179,4116556
1467735604.10969,4116594
1467735905.59752,4116607
1467748511.45437,4117414
1467748813.46086,4117435
1467749111.90097,4117451
1467749412.59741,4117469
1467749712.9136,4117491
1467750012.25962,4117524
1467750312.82739,4117539
1467750613.15729,4117559
1467750912.37897,4117587
1467751212.91921,4117611
1467751512.56642,4117637
1467751812.16067,4117667
1467752112.15114,4117687
1467752413.26958,4117704
1467752712.48938,4117728
1467753012.46397,4117748
1467753311.50489,4117777
1467753612.22267,4117792
1467753912.01647,4117806
1467754212.47685,4117835
1467754512.02591,4117860
1467754811.74111,4117882
1467755111.79411,4117901
1467755411.91963,4117925
1467755712.2097,4117940
1467756012.27723,4117962
1467756312.07599,4117976
1467756912.71711,4118012
1467757212.10343,4118031
1467757511.73734,4118046
1467758111.97238,4118080
1467758412.31288,4118089
1467758712.37349,4118099
1467759012.35731,4118112
1467759311.77441,4118123
1467759613.05873,4118135
1467759912.22263,4118140
1467760212.78227,4118146
1467760512.46066,4118154
1467760811.91083,4118160
1467761112.26948,4118168
1467761412.56452,4118171
1467761711.3561,4118177
1467762011.78403,4118183
1467762312.03544,4118188
1467762611.27945,4118195
1467762912.14986,4118200
1467763212.6642,4118203
1467763511.4767,4118208
1467763812.02438,4118212
1467764111.81982,4118218
1467764411.23128,4118221
1467764711.58317,4118223
1467765013.33019,4118225
1467765312.49172,4118227
1467765912.38455,4118229
1467766212.24303,4118232
1467766512.01059,4118233
1467766813.20065,4118235
1467767111.57176,4118239
1467767411.57478,4118240
1467767712.55685,4118243
1467768012.60059,4118245
1467768312.15393,4118246
1467768612.30296,4118248
1467768912.43013,4118249
1467769212.68293,4118250
1467769512.60204,4118252
1467769813.17578,4118254
1467770112.52605,4118255
1467770412.8081,4118255
1467770712.33635,4118258
1467771012.13722,4118259
1467771312.12262,4118260
1467771612.29564,4118261
1467771912.70461,4118261
1467772213.5272,4118263
1467772513.53436,4118264
1467772811.55414,4118265
1467773112.59378,4118268
1467773412.48011,4118269
1467773712.09319,4118269
1467774013.00079,4118271
1467774311.78263,4118273
1467774612.82032,4118273
1467774912.42225,4118275
1467775212.46089,4118275
1467775512.44701,4118279
1467775813.85836,4118279
1467776412.62098,4118284
1467776712.96837,4118287
1467777012.37761,4118288
1467777312.90481,4118289
1467777612.64911,4118291
1467777913.37091,4118292
1467778211.8401,4118294
1467778512.47684,4118297
1467778811.82191,4118301
1467779111.92301,4118301
1467779413.28931,4118302
1467779712.49519,4118302
1467780011.88734,4118304
1467780311.89696,4118305
1467780612.12506,4118307
1467780912.52214,4118308
1467781213.01601,4118312
1467781511.6979,4118314
1467781811.97667,4118317
1467782112.0084,4118321
1467782411.63739,4118324
1467782712.17033,4118329
1467783012.86077,4118332
1467783311.62327,4118335
1467783611.59411,4118341
1467783911.79408,4118348
1467784211.85451,4118351
1467784511.67548,4118357
1467784812.21085,4118367
1467785111.7963,4118371
1467785411.91908,4118375
1467785712.72084,4118378
1467786011.56718,4118386
1467786312.07588,4118396
1467786613.05138,4118400
1467786912.25804,4118407
1467787211.90223,4118412
1467787512.40403,4118423
1467787812.36351,4118435
1467795904.74186,4118812
1467796205.33714,4118832
1467796505.89301,4118851
1467796804.14739,4118865
1467797104.56382,4118879
1467797407.71694,4118901
1467797704.82557,4118915
1467798005.82638,4118932
1467798304.50015,4118948
1467798603.97558,4118961
1467798905.02086,4118977
1467799205.60997,4118990
1467799506.48327,4119008
1467799805.95721,4119028
1467800104.04369,4119043
1467800405.64428,4119058
1467800705.77982,4119076
1467801006.50868,4119092
1467801306.07556,4119106
1467801605.66766,4119120
1467801906.11312,4119132
1467802811.3848,4119186
1467803105.05128,4119197
1467803406.18816,4119216
1467803704.38632,4119231
1467804005.15043,4119236
1467804308.2069,4119247
1467804606.1938,4119258
1467804903.82497,4119277
1467805206.59438,4119293
1467805504.4774,4119307
1467805805.55998,4119322
1467806104.30563,4119340
1467806404.69856,4119356
1467806706.45054,4119370
1467807006.0219,4119383
1467807606.55679,4119407
1467807905.6035,4119421
1467808207.11918,4119429
1467808506.8874,4119440
1467808804.74914,4119448
1467809106.06166,4119461
1467809405.57831,4119474
1467809705.93532,4119479
1467810007.81261,4119495
1467810305.46451,4119508
1467810605.24474,4119523
1467810904.54175,4119532
1467811213.66384,4119541
1467811507.10354,4119559
1467811805.79106,4119573
1467812108.5458,4119579
1467812405.97042,4119593
1467812705.31268,4119607
1467813005.32247,4119621
1467813304.22853,4119634
1467813903.60058,4119649
1467814512.42947,4119672
1467814808.58138,4119687
1467815103.88604,4119700
1467815405.56381,4119709
1467815705.18334,4119730
1467816004.94906,4119741
1467816306.53396,4119756
1467816604.16614,4119768
1467817206.44018,4119802
1467817504.47922,4119811
1467817804.9849,4119825
1467818105.34415,4119839
1467818404.20329,4119860
1467818704.75268,4119863
1467819006.47725,4119873
1467819305.77132,4119889
1467819604.51731,4119906
1467819904.15276,4119921
1467820204.09325,4119941
1467820504.05575,4119953
1467834009.61993,4120511
1467834304.69378,4120516
1467834612.19931,4120531
1467834912.30671,4120550
1467835213.66535,4120565
1467835512.45144,4120587
1467835811.59223,4120602
1467836111.98303,4120609
1467836411.6279,4120624
1467836711.91129,4120641
1467837012.27139,4120656
1467837311.52425,4120667
1467837611.79377,4120680
1467837911.24202,4120693
1467838211.47935,4120708
1467838812.45231,4120739
1467839412.18508,4120769
1467839712.45906,4120787
1467840012.02781,4120805
1467840311.7342,4120819
1467840612.55655,4120836
1467840911.93897,4120847
1467841512.0023,4120868
1467841811.49172,4120885
1467842412.37659,4120916
1467843012.27153,4120934
1467843613.43517,4120959
1467843912.10673,4120971
1467844212.3116,4120975
1467844512.02484,4120989
1467844812.40923,4120994
1467845113.02891,4121005
1467845411.49674,4121016
1467845711.65822,4121020
1467846012.47766,4121028
1467846612.2957,4121041
1467846912.25983,4121045
1467847212.37859,4121049
1467847512.43996,4121055
1467847812.15317,4121062
1467848412.30072,4121078
1467848711.61965,4121083
1467849312.1092,4121094
1467849612.41039,4121097
1467849911.76325,4121101
1467850513.01063,4121108
1467850811.84642,4121110
1467851111.98378,4121111
1467852312.00773,4121116
1467852611.73541,4121116
1467853213.3425,4121122
1467853811.28941,4121124
1467854112.71377,4121124
1467854413.92048,4121124
1467854712.19763,4121125
1467855313.17251,4121129
1467855911.95874,4121134
1467856211.82704,4121134
1467856512.86319,4121134
1467856813.4325,4121135
1467857112.09777,4121136
1467857712.49866,4121137
1467858012.72766,4121138
1467858312.20649,4121140
1467858912.96089,4121142
1467859211.83968,4121142
1467859512.52334,4121143
1467859813.3802,4121146
1467860112.73706,4121149
1467860413.30637,4121149
1467860712.77905,4121151
1467861312.99761,4121155
1467861612.64347,4121156
1467861912.19433,4121159
1467862212.69807,4121160
1467862813.10215,4121161
1467863112.20864,4121163
1467864013.50105,4121164
1467864313.24207,4121165
1467864613.30533,4121166
1467864912.22097,4121167
1467865211.17243,4121167
1467865513.35164,4121167
1467866111.76566,4121168
1467866411.56243,4121170
1467866713.39979,4121170
1467867011.82088,4121171
1467867312.39541,4121172
1467867612.35562,4121175
1467868211.81954,4121178
1467868812.33553,4121180
1467869711.16084,4121190
1467870012.07106,4121196
1467870312.33452,4121200
1467870611.4179,4121203
1467871212.59285,4121212
1467871512.16536,4121216
1467871812.24946,4121223
1467872113.42359,4121224
1467872412.39065,4121227
1467872712.26441,4121233
1467873012.6651,4121239
1467873311.55141,4121243
1467873611.76823,4121248
1467874212.24251,4121256
1467874512.57603,4121265
1467875113.09534,4121279
1467875411.86999,4121286
1467875711.29828,4121298
1467876312.11598,4121320
1467876612.23971,4121328
1467876912.09485,4121335
1467877211.78887,4121343
1467877812.03141,4121356
1467878412.98595,4121375
1467878711.2347,4121388
1467879311.75876,4121409
1467879611.80686,4121422
1467879912.87677,4121437
1467880511.59839,4121456
1467880813.43935,4121467
1467881111.77589,4121478
1467881711.75377,4121505
1467882012.33306,4121511
1467882312.59163,4121520
1467882612.22176,4121531
1467882912.58478,4121549
1467883212.18643,4121556
1467883812.41334,4121575
1467884111.77022,4121588
1467884413.39402,4121602
1467884711.71481,4121618
1467885312.09523,4121644
1467885913.364,4121665
1467886212.23355,4121678
1467886512.09772,4121689
1467886812.04714,4121699
1467887111.89288,4121710
1467887413.11171,4121723
1467887711.79181,4121734
1467888011.31093,4121745
1467888312.23193,4121759
1467888911.19363,4121779
1467889212.41236,4121786
1467889512.34029,4121795
1467889811.76885,4121805
1467890111.95176,4121819
1467890712.86317,4121844
1467891013.08556,4121864
1467891612.34511,4121882
1467891912.28666,4121892
1467892211.43781,4121901
1467892813.0686,4121928
1467893111.81811,4121937
1467893411.55256,4121949
1467894013.37319,4121975
1467894612.16863,4121993
1467894912.0923,4121999
1467895513.32587,4122021
1467896111.87346,4122040
1467896412.86287,4122051
1467896713.42487,4122062
1467897011.98245,4122069
1467897312.03296,4122080
1467897612.08297,4122094
1467898212.54989,4122115
1467898511.65943,4122124
1467898811.85404,4122136
1467899111.53632,4122157
1467899411.77209,4122163
1467900012.43932,4122181
1467900311.0009,4122190
1467900611.24124,4122204
1467901211.90524,4122231
1467901511.62275,4122248
1467901812.4808,4122259
1467902113.36553,4122266
1467902412.07544,4122283
1467902712.43323,4122292
1467903011.30968,4122310
1467903612.91595,4122332
1467903912.37177,4122338
1467904211.5646,4122348
1467904511.89997,4122362
1467905113.04204,4122375
1467905413.01057,4122380
1467905711.12777,4122389
1467906311.51352,4122412
1467906611.90019,4122428
1467906913.25245,4122436
1467907212.61795,4122451
1467907511.45716,4122460
1467907813.41177,4122468
1467908411.66514,4122488
1467908711.69964,4122502
1467909013.34698,4122509
1467909311.90161,4122520
1467909611.95406,4122533
1467909911.5822,4122543
1467910511.36893,4122560
1467911111.35638,4122580
1467912012.16397,4122612
1467912312.11224,4122622
1467912612.31257,4122632
1467912911.45874,4122639
1467913511.73811,4122654
1467913811.95299,4122662
1467914111.82365,4122671
1467914413.42867,4122679
1467914712.10135,4122681
1467915011.95903,4122694
1467915311.71755,4122705
1467915612.62317,4122713
1467915911.90502,4122718
1467916511.942,4122737
1467916811.57796,4122748
1467917413.11632,4122767
1467917712.13139,4122777
1467918012.93121,4122785
1467918912.05027,4122817
1467919211.84988,4122832
1467919512.23119,4122840
1467920112.48955,4122861
1467920711.56547,4122876
1467921012.18202,4122888
1467921612.27078,4122911
1467921911.5746,4122918
1467922812.33907,4122952
1467923111.57614,4122961
1467923412.4454,4122975
1467924012.15599,4122994
1467924312.02014,4123009
1467924612.03684,4123017
1467924911.85314,4123033
1467925212.73783,4123044
1467925512.62823,4123052
1467926111.89554,4123071
1467926411.73375,4123086
1467926713.37624,4123098
1467927012.61041,4123116
1467927611.45982,4123127
1467928512.42903,4123165
1467928812.79857,4123173
1467929112.40802,4123179
1467929411.36763,4123193
1467929713.06921,4123204
1467930012.03681,4123216
1467930311.45761,4123229
1467930612.37116,4123237
1467931211.74499,4123244
1467931512.10535,4123254
1467931811.74912,4123259
1467932112.11065,4123262
1467932413.11604,4123267
1467933012.01595,4123277
1467933312.35192,4123285
1467933911.62687,4123293
1467934511.14883,4123302
1467935113.04257,4123311
1467935411.65023,4123315
1467935712.47392,4123318
1467936313.37257,4123322
1467936912.12026,4123327
1467937211.44021,4123327
1467937813.33996,4123330
1467938412.1228,4123334
1467938711.94501,4123336
1467939013.43876,4123338
1467939312.26037,4123339
1467939612.48735,4123339
1467939911.65717,4123342
1467940512.48522,4123344
1467940811.34259,4123348
1467941112.91746,4123349
1467941413.63334,4123352
1467941711.63414,4123355
1467942312.71112,4123355
1467942611.6554,4123356
1467943512.10471,4123360
1467943812.06356,4123360
1467944413.43439,4123362
1467944712.75991,4123362
1467945013.98296,4123362
1467945312.35396,4123363
1467945911.66938,4123364
1467946212.59523,4123365
1467946511.91779,4123366
1467946813.60722,4123366
1467947413.29807,4123367
1467947712.546,4123367
1467948012.2135,4123369
1467948612.93581,4123371
1467948912.67265,4123373
1467949213.34354,4123374
1467949511.72083,4123375
1467949811.90903,4123377
1467950113.36594,4123378
1467950711.85561,4123378
1467951012.36444,4123379
1467951313.50822,4123382
1467951612.64008,4123384
1467951911.69156,4123386
1467952212.77892,4123387
1467952813.24632,4123389
1467953412.46898,4123390
1467954311.93728,4123396
1467954611.9961,4123397
1467954911.81368,4123398
1467955211.7495,4123401
1467955812.75437,4123407
1467956111.41018,4123407
1467956412.034,4123409
1467957011.60567,4123415
1467957311.75443,4123416
1467957612.61133,4123420
1467957911.41309,4123423
1467958211.81942,4123426
1467958811.84145,4123435
1467959112.18648,4123437
1467959713.07657,4123445
1467960011.65161,4123447
1467960311.6814,4123448
1467960911.24492,4123462
1467961213.00869,4123470
1467961511.41786,4123474
1467961811.27835,4123479
1467962411.75388,4123486
1467963012.6838,4123497
1467963312.42023,4123498
1467963912.12328,4123515
1467964212.71607,4123519
1467964511.39973,4123523
1467965111.83102,4123532
1467965412.19822,4123540
1467965712.08481,4123546
1467966312.10766,4123559
1467966612.35227,4123569
1467966912.00404,4123577
1467967211.04337,4123585
1467967511.37741,4123589
1467967812.08523,4123596
1467968412.80822,4123616
1467968711.50492,4123627
1467969013.41444,4123636
1467969311.68278,4123647
1467969911.6279,4123664
1467970811.86459,4123681
1467971111.9373,4123688
1467971412.28966,4123699
1467971711.76209,4123710
1467972013.0579,4123715
1467972311.34099,4123719
1467972611.44518,4123725
1467972912.5074,4123735
1467973512.5972,4123749
1467973813.0936,4123759
1467974111.80545,4123768
1467974411.68516,4123777
1467974712.17645,4123783
1467975311.81703,4123798
1467975612.64271,4123807
1467976211.69344,4123821
1467976512.45406,4123826
1467976812.01964,4123837
1467977413.00591,4123850
1467977711.62954,4123863
1467978011.46212,4123868
1467978613.35295,4123886
1467979212.96925,4123901
1467979512.04195,4123902
1467980113.31028,4123906
1467980711.50479,4123918
1467981013.07741,4123927
1467981313.39799,4123939
1467981611.94127,4123949
1467981911.3916,4123955
1467982211.72443,4123959
1467982812.48672,4123972
1467983111.45268,4123974
1467983412.10929,4123980
1467983712.04432,4123988
1467984012.11163,4123996
1467984613.22257,4124015
1467984912.23372,4124026
1467985211.88754,4124041
1467985811.56163,4124050
1467986112.07689,4124055
1467986412.63759,4124062
1467987011.96643,4124072
1467987311.93575,4124083
1467987612.1984,4124093
1467988212.4789,4124103
1467988512.55408,4124104
1467988812.46836,4124110
1467989713.06626,4124127
1467990012.72843,4124130
1467990311.77333,4124133
1467990911.75357,4124149
1467991211.7704,4124156
1467991513.27764,4124163
1467992111.627,4124174
1467992413.40907,4124180
1467993011.80412,4124196
1467993312.06918,4124201
1467993613.32361,4124207
1467993911.7177,4124210
1467994211.4038,4124216
1467994512.26261,4124218
1467995112.00473,4124235
1467995712.18203,4124243
1467996612.14882,4124263
1467996912.2832,4124269
1467997212.5286,4124274
1467997511.77998,4124284
1467998111.32188,4124293
1467998411.83943,4124296
1467998711.95864,4124301
1467999013.40732,4124305
1467999312.52705,4124310
1467999611.68609,4124315
1467999911.8032,4124324
1468000212.18879,4124329
1468000511.32163,4124336
1468001112.27562,4124342
1468001412.09694,4124349
1468002013.12877,4124362
1468002311.55932,4124369
1468002612.45855,4124378
1468003211.9072,4124393
1468003511.48948,4124400
1468003811.91958,4124412
1468004112.52161,4124418
1468004711.65825,4124432
1468005311.52159,4124446
1468005612.36027,4124451
1468006212.50477,4124468
1468006512.58019,4124481
1468006811.39783,4124489
1468007411.65762,4124509
1468007712.12777,4124517
1468008012.99298,4124529
1468008611.91149,4124548
1468008912.39247,4124561
1468009212.01583,4124573
1468009511.59293,4124583
1468009812.40489,4124590
1468010112.6876,4124609
1468010711.46231,4124635
1468011011.59994,4124658
1468011612.25342,4124671
1468012211.80782,4124698
1468012813.33636,4124716
1468013111.75673,4124732
1468013412.58552,4124746
1468013711.82126,4124757
1468014012.83271,4124767
1468014313.065,4124778
1468014612.06242,4124793
1468014911.94949,4124808
1468015212.83604,4124824
1468015811.57731,4124843
1468016112.2169,4124860
1468016411.80569,4124870
1468016711.33649,4124881
1468017012.90556,4124892
1468017612.28483,4124915
1468017911.43735,4124923
1468018512.41143,4124942
1468018812.68776,4124949
1468019111.69203,4124958
1468019713.07329,4124978
1468020011.68699,4124987
1468020311.52247,4124994
1468020913.36134,4125007
1468021511.98796,4125024
1468021811.66338,4125030
1468022413.38533,4125043
1468023011.39062,4125056
1468023311.48427,4125060
1468023613.39207,4125070
1468023911.73037,4125073
1468024212.54965,4125076
1468024511.41982,4125079
1468025111.46219,4125088
1468025411.34519,4125092
1468025711.52209,4125099
1468026012.87872,4125106
1468026312.36399,4125107
1468026912.47147,4125110
1468027212.80869,4125118
1468027512.02576,4125121
1468028412.19897,4125133
1468028711.15414,4125136
1468029013.26235,4125137
1468029312.21237,4125137
1468029913.13119,4125144
1468030212.96823,4125148
1468030512.55088,4125149
1468031112.71898,4125154
1468031412.90756,4125157
1468031713.44951,4125160
1468032012.08114,4125160
1468032312.67056,4125160
1468032613.37239,4125160
1468033213.84025,4125169
1468033513.36972,4125169
1468033813.34512,4125173
1468034111.72972,4125177
1468034411.91781,4125179
1468034713.0401,4125182
1468035311.78704,4125184
1468035912.03269,4125189
1468036812.8678,4125192
1468037112.95198,4125196
1468037412.86313,4125197
1468037712.77902,4125200
1468038312.99699,4125205
1468038612.91837,4125209
1468038911.70136,4125212
1468039213.62191,4125215
1468039512.63936,4125222
1468039812.35259,4125223
1468040113.37879,4125228
1468040412.56005,4125233
1468040712.42645,4125239
1468041312.40008,4125245
1468041612.01669,4125248
1468042213.12597,4125259
1468042512.49904,4125268
1468042812.19468,4125275
1468043712.45676,4125302
1468044012.61768,4125307
1468044312.21986,4125312
1468044911.36729,4125336
1468045511.68673,4125364
1468046411.94451,4125425
1468046711.69522,4125446
1468047012.02623,4125455
1468047612.98232,4125455
1468047912.03371,4125477
1468048211.2739,4125507
1468048812.25898,4125552
1468049112.16669,4125564
1468049412.93529,4125590
1468049711.68915,4125615
1468050012.10946,4125641
1468050311.17606,4125660
1468050911.93787,4125695
1468051212.64158,4125723
1468051513.42289,4125760
1468051811.77459,4125791
1468052411.87812,4125852
1468053013.42618,4125903
1468053312.43618,4125925
1468053611.74616,4125948
1468053911.33112,4125985
1468054212.17611,4126017
1468054813.22441,4126072
1468055111.06701,4126097
1468055412.22228,4126129
1468056011.9033,4126192
1468056311.41611,4126216
1468056612.98401,4126246
1468056911.96019,4126280
1468057212.54477,4126319
1468057811.83352,4126379
1468058112.1367,4126410
1468058711.56554,4126461
1468059011.67077,4126494
1468059312.11053,4126516
1468059913.10792,4126582
1468060212.88282,4126617
1468060511.34383,4126653
1468061113.37987,4126713
1468061712.00962,4126755
1468062012.53697,4126783
1468062613.37501,4126835
1468063211.85445,4126883
1468063512.2485,4126896
1468063813.60309,4126921
1468064112.91766,4126946
1468064720.91599,4126988
1468065011.15875,4127010
1468065311.57627,4127029
1468065612.83726,4127048
1468065911.27379,4127065
1468066211.76903,4127086
1468066512.1398,4127107
1468066811.33768,4127124
1468067111.09801,4127142
1468067412.52992,4127159
1468067711.95589,4127180
1468068011.76272,4127199
1468068312.44448,4127217
1468068611.50686,4127232
1468068912.35814,4127247
1468069212.84264,4127260
1468069511.96195,4127279
1468069811.68699,4127299
1468070111.32955,4127316
1468070411.98416,4127329
1468070711.73837,4127344
1468071012.18377,4127360
1468071312.23437,4127368
1468071611.84988,4127386
1468071911.57681,4127404
1468072211.23194,4127421
1468072512.68764,4127433
1468072813.27558,4127449
1468073112.10905,4127466
1468073412.46601,4127483
1468073711.8453,4127502
1468074012.01229,4127511
1468074311.75348,4127525
1468074612.45855,4127536
1468074911.22053,4127552
1468075211.39408,4127563
1468075511.88467,4127573
1468075811.97522,4127591
1468076112.04668,4127608
1468076412.29382,4127619
1468076711.99701,4127633
1468077011.37116,4127643
1468077312.09162,4127660
1468077612.02097,4127670
1468077912.83549,4127676
1468078212.45681,4127691
1468078511.61954,4127698
1468078811.49513,4127714
1468079112.36089,4127723
1468079412.37168,4127737
1468079711.82691,4127758
1468080012.55633,4127774
1468080311.32876,4127785
1468080611.6801,4127792
1468080911.44359,4127801
1468081212.01261,4127813
1468081511.77685,4127827
1468081812.5786,4127844
1468082111.35327,4127859
1468082411.49649,4127869
1468082711.80464,4127882
1468083011.79167,4127891
1468083311.27948,4127903
1468083612.57563,4127919
1468083912.07948,4127929
1468084211.73253,4127943
1468084511.99721,4127951
1468085112.19384,4127977
1468085412.45118,4127987
1468085711.18466,4127995
1468086012.28806,4128005
1468086312.13716,4128015
1468086612.25883,4128024
1468086911.68251,4128040
1468087212.3606,4128047
1468087511.70926,4128058
1468087811.62362,4128066
1468088112.0344,4128080
1468088411.30872,4128090
1468088711.66604,4128112
1468089012.90035,4128121
1468089311.47298,4128136
1468089611.75955,4128149
1468089911.78777,4128163
1468090212.12102,4128174
1468090512.13739,4128184
1468090812.35381,4128195
1468091112.02795,4128210
1468091411.61056,4128219
1468091712.06927,4128228
1468092011.94959,4128238
1468092312.09722,4128245
1468092612.83516,4128249
1468092911.81303,4128257
1468093211.95964,4128266
1468093511.14236,4128277
1468093811.10978,4128286
1468094111.44604,4128295
1468094412.03949,4128304
1468094712.45122,4128312
1468095012.08702,4128324
1468095311.61938,4128332
1468095611.83993,4128340
1468095911.11547,4128349
1468096212.43984,4128361
1468096511.59623,4128364
1468096812.01464,4128372
1468097111.52602,4128379
1468097412.23246,4128386
1468097711.23706,4128396
1468098012.43514,4128406
1468098311.43315,4128416
1468098611.94512,4128426
1468098911.58835,4128433
1468099212.09714,4128439
1468099512.32161,4128448
1468099812.72632,4128462
1468100111.74141,4128473
1468100411.49649,4128478
1468100712.11594,4128488
1468101011.46565,4128494
1468101312.22871,4128501
1468101612.26278,4128510
1468101911.82038,4128516
1468102212.05902,4128522
1468102512.67914,4128532
1468102811.5765,4128539
1468103111.36351,4128547
1468103412.3225,4128554
1468103712.14942,4128562
1468104012.0765,4128567
1468104312.12346,4128574
1468104611.52125,4128580
1468104911.54348,4128586
1468105212.93976,4128597
1468105511.76924,4128601
1468105811.97849,4128603
1468106111.29194,4128607
1468106411.3749,4128612
1468106711.27902,4128617
1468107012.96979,4128621
1468107312.3636,4128630
1468107612.03999,4128634
1468107911.24623,4128637
1468108211.25302,4128640
1468108511.41475,4128643
1468108812.31766,4128648
1468109111.58907,4128651
1468109411.90748,4128655
1468109711.77488,4128658
1468110011.5612,4128660
1468110612.97708,4128666
1468110912.24644,4128669
1468111211.35476,4128672
1468111512.15542,4128673
1468111811.33355,4128675
1468112111.99288,4128676
1468112412.8157,4128676
1468112711.14509,4128676
1468113011.85412,4128678
1468113312.57559,4128680
1468113612.68775,4128682
1468113911.65735,4128683
1468114213.03119,4128686
1468114512.33057,4128687
1468114812.07583,4128690
1468115112.22819,4128694
1468115411.35753,4128695
1468115711.8077,4128695
1468116012.42223,4128697
1468116312.41561,4128697
1468116613.0611,4128698
1468116911.75849,4128699
1468117211.93054,4128702
1468117511.38031,4128703
1468117813.02493,4128704
1468118112.23302,412
1468188011.60625,4129797
1468188310.9227,4129802
1468188611.13921,4129809
1468188911.57261,4129814
1468189210.84995,4129821
1468189511.14304,4129828
1468189810.82566,4129835
1468190111.31585,4129838
1468190411.5848,4129840
1468190710.87247,4129841
1468191010.87062,4129845
1468191311.18655,4129849
1468191611.45355,4129851
1468191910.81457,4129853
1468192211.04933,4129855
1468192511.32463,4129859
1468192810.6496,4129862
1468193110.96815,4129865
1468193411.42222,4129867
1468193710.83107,4129868
1468194011.1277,4129874
1468194311.40259,4129875
1468194610.71366,4129878
1468194911.00462,4129880
1468195211.25076,4129882
1468195511.09674,4129885
1468195811.42894,4129886
1468196110.73613,4129886
1468196411.00256,4129889
1468196711.27986,4129889
1468197011.53013,4129890
1468197310.87863,4129891
1468197611.19619,4129893
1468197911.52842,4129893
1468198211.04135,4129896
1468198511.39696,4129896
1468198810.77309,4129898
1468199111.24549,4129900
1468199411.44946,4129900
1468199711.42403,4129901
1468200010.78587,4129902
1468200311.59019,4129902
1468200611.35822,4129903
1468200911.06277,4129903
1468201211.36447,4129903
1468201511.84347,4129903
1468201811.07078,4129903
1468202111.42959,4129904
1468202411.76141,4129905
1468202711.6669,4129906
1468203011.29934,4129906
1468203311.57414,4129906
1468203610.93982,4129907
1468203911.17615,4129907
1468204211.51433,4129907
1468204510.89178,4129907
1468204811.14531,4129908
1468205111.48527,4129908
1468304704.18402,4130978
1468305004.67712,4130978
1468305304.87596,4130978
1468305604.36884,4130980
1468305905.79004,4130981
1468306204.13155,4130983
1468306503.96258,4130985
1468306803.49848,4130989
1468307105.16521,4130990
1468337403.04775,4131586
1468337702.6349,4131622
1468338003.26741,4131658
1468338303.24007,4131691
1468338602.99746,4131716
1468338902.92822,4131755
1468339202.79637,4131786
1468339502.65542,4131820
1468339803.51371,4131848
1468340102.83561,4131888
1468340403.69698,4131924
1468484712.22007,4137134
1468485011.50299,4137141
1468485312.19043,4137143
1468485611.65918,4137149
1468485911.12697,4137153
1468486211.69806,4137155
